timestamp,active_ues
2026-07-01 00:00,7
2026-07-01 00:15,7
2026-07-01 00:30,7
2026-07-01 00:45,7
2026-07-01 01:00,9
2026-07-01 01:15,10
2026-07-01 01:30,9
2026-07-01 01:45,8
2026-07-01 02:00,7
2026-07-01 02:15,9
2026-07-01 02:30,8
2026-07-01 02:45,8
2026-07-01 03:00,8
2026-07-01 03:15,7
2026-07-01 03:30,7
2026-07-01 03:45,7
2026-07-01 04:00,8
2026-07-01 04:15,8
2026-07-01 04:30,8
2026-07-01 04:45,8
2026-07-01 05:00,9
2026-07-01 05:15,7
2026-07-01 05:30,6
2026-07-01 05:45,7
2026-07-01 06:00,11
2026-07-01 06:15,13
2026-07-01 06:30,13
2026-07-01 06:45,15
2026-07-01 07:00,15
2026-07-01 07:15,15
2026-07-01 07:30,14
2026-07-01 07:45,14
2026-07-01 08:00,12
2026-07-01 08:15,14
2026-07-01 08:30,13
2026-07-01 08:45,15
2026-07-01 09:00,15
2026-07-01 09:15,13
2026-07-01 09:30,11
2026-07-01 09:45,14
2026-07-01 10:00,13
2026-07-01 10:15,11
2026-07-01 10:30,12
2026-07-01 10:45,11
2026-07-01 11:00,11
2026-07-01 11:15,12
2026-07-01 11:30,12
2026-07-01 11:45,12
2026-07-01 12:00,10
2026-07-01 12:15,11
2026-07-01 12:30,11
2026-07-01 12:45,10
2026-07-01 13:00,10
2026-07-01 13:15,11
2026-07-01 13:30,12
2026-07-01 13:45,11
2026-07-01 14:00,11
2026-07-01 14:15,10
2026-07-01 14:30,10
2026-07-01 14:45,12
2026-07-01 15:00,9
2026-07-01 15:15,10
2026-07-01 15:30,9
2026-07-01 15:45,8
2026-07-01 16:00,8
2026-07-01 16:15,9
2026-07-01 16:30,9
2026-07-01 16:45,10
2026-07-01 17:00,15
2026-07-01 17:15,17
2026-07-01 17:30,20
2026-07-01 17:45,18
2026-07-01 18:00,17
2026-07-01 18:15,19
2026-07-01 18:30,20
2026-07-01 18:45,17
2026-07-01 19:00,17
2026-07-01 19:15,19
2026-07-01 19:30,21
2026-07-01 19:45,20
2026-07-01 20:00,17
2026-07-01 20:15,17
2026-07-01 20:30,18
2026-07-01 20:45,18
2026-07-01 21:00,16
2026-07-01 21:15,17
2026-07-01 21:30,17
2026-07-01 21:45,18
2026-07-01 22:00,12
2026-07-01 22:15,9
2026-07-01 22:30,10
2026-07-01 22:45,8
2026-07-01 23:00,9
2026-07-01 23:15,7
2026-07-01 23:30,9
2026-07-01 23:45,8
